session,trial,phrase,click_load,entry_rate,correction_rate,num_chars
1,0,1,8.0,2.5179227987195834,0.2222222222222222,5
1,0,2,4.8,4.63298404670916,0.0,7
2,0,1,3.5,4.015842229284333,0.0,4
3,0,1,4.2,4.7775074631668275,0.0,7
3,0,2,4.0,4.91615948273499,0.0,7
3,0,3,3.2,5.545335400448438,0.0,7
4,0,1,4.0,5.731304779267341,0.0,7
4,0,2,2.8,9.954621790086732,0.0,5
5,0,1,2.4,7.761103832512429,0.0,6
6,0,1,2.4,7.62616471410246,0.0,5
7,0,1,2.8,6.911796345207481,0.0,6
8,0,1,2.6,8.32036654515129,0.0,5
9,0,1,2.4,7.821371047611396,0.0,6
10,0,1,2.8,8.564184082543553,0.0,7
10,0,2,3.0,7.0610818613698,0.0,7
10,0,3,2.8,7.669176313850631,0.0,7
10,0,4,2.8,6.576260746453121,0.0,7
10,0,5,2.8,8.63251528341266,0.0,7
10,0,6,3.0,8.246372966618493,0.0,7
10,0,7,2.8,8.947065003144084,0.0,7
10,0,8,2.8,8.248150713060157,0.0,7
10,0,9,3.0,7.80844452890343,0.0,7
11,0,1,2.8,8.497844253327337,0.0,7
11,0,2,2.8,9.119918544265476,0.0,7
11,0,3,2.8,8.1457104560939,0.0,7
11,0,4,2.8,9.15047271975211,0.0,7
11,0,5,2.8,8.015298556724145,0.0,7
11,0,6,2.8,7.76595328256542,0.0,7
11,0,7,2.8,7.592741432812272,0.0,7
11,0,8,2.8,8.501351682712365,0.0,7
11,0,9,2.8,9.33640587579615,0.0,7
11,0,10,2.8,8.85583217126495,0.0,7
11,0,11,2.4,9.134625588827644,0.0,6
12,0,1,2.8,9.022736641890969,0.0,7
12,0,2,2.8,7.160449754225975,0.0,7
12,0,3,3.0,6.0259327147219,0.0,7
12,0,4,2.8,6.468774984861099,0.0,7
12,0,5,2.8,10.601467864472893,0.0,7
12,0,6,2.8,6.074205018088713,0.0,7
12,0,7,2.8,9.650477840408684,0.0,7
12,0,8,2.8,7.339909135042619,0.0,7
12,0,9,2.8,8.067560826583891,0.0,7
12,0,10,3.0,6.524158828684077,0.0,7
13,0,1,2.8,7.072552868730053,0.0,7
13,0,2,3.0,8.26202056703306,0.0,7
13,0,3,3.0,5.036484995500289,0.0,7
13,0,4,2.8,11.135158279204802,0.0,7
13,0,5,3.0,9.268706131522666,0.0,7
13,0,6,3.0,7.3526985597763534,0.0,7
13,0,7,3.4,7.015129181231193,0.0,7
13,0,8,3.2,7.844333699270235,0.0,7
13,0,9,3.0,4.889960318362642,0.0,7
13,0,10,3.2,6.1844065790680975,0.0,7
13,0,11,2.8,8.045069433822569,0.0,7
13,0,12,2.25,12.232379637907462,0.0,4
14,0,1,3.0,6.388884979974961,0.0,7
14,0,2,3.0,5.855801982337869,0.0,7
14,0,3,3.2,7.465815036835488,0.0,7
14,0,4,2.8,5.745929886312265,0.0,7
14,0,5,3.0,4.799267285228573,0.0,7
14,0,6,2.8,7.47449826575487,0.0,7
14,0,7,2.8,9.555569967562201,0.0,7
14,0,8,2.8,8.852611968838044,0.0,7
14,0,9,2.8,6.316961033206852,0.0,7
14,0,10,3.0,5.48716953321202,0.0,7
14,0,11,2.8,7.355923446457126,0.0,7
14,0,12,2.8,6.3725466589561,0.0,7
14,0,13,2.25,6.882193136979912,0.0,4
15,0,1,3.6,7.757037820934396,0.0,7
15,0,2,3.4,11.670038508286003,0.0,7
15,0,3,3.4,9.742766248565815,0.0,7
15,0,4,3.0,8.905089744855548,0.0,7
15,0,5,3.0,8.113822307729292,0.0,7
15,0,6,2.8,10.412069136349322,0.0,7
15,0,7,3.0,11.657967344393168,0.0,7
15,0,8,2.8,12.517224608982959,0.0,7
15,0,9,2.8,10.707044865451072,0.0,7
15,0,10,2.8,9.504907692660124,0.0,7
15,0,11,2.8,8.384338149053502,0.0,7
15,0,12,2.8,9.416075589043773,0.0,7
15,0,13,3.0,10.248711876990454,0.0,7
15,0,14,2.8,9.34635510274026,0.0,7
15,0,15,2.0,12.155569219617872,0.0,5
16,0,1,2.8,8.632424083564567,0.0,7
16,0,2,2.8,13.275771171170794,0.0,7
16,0,3,2.8,10.6402508420182,0.0,7
16,0,4,3.0,10.369087243061056,0.0,7
16,0,5,2.8,12.065773503898413,0.0,7
16,0,6,2.8,9.863076965388112,0.0,7
16,0,7,3.0,13.047693237348355,0.0,7
16,0,8,2.8,10.842298875067057,0.0,7
16,0,9,2.8,12.751547636909036,0.0,7
16,0,10,2.8,9.210551455649423,0.0,7
16,0,11,2.8,11.985796855771813,0.0,7
16,0,12,2.8,11.091736523057994,0.0,7
16,0,13,2.8,9.063225455536296,0.0,7
16,0,14,2.8,10.105379367017427,0.0,7
16,0,15,3.0,12.73588854523608,0.0,7
16,0,16,2.8,11.751205309824664,0.0,7
16,0,17,2.8,8.787312212614742,0.0,7
16,0,18,2.8,9.306240431534029,0.0,7
16,0,19,2.8,8.447113478803566,0.0,7
16,0,20,2.2,12.287126508210038,0.0,5
17,0,1,3.0,12.912025295651937,0.0,7
17,0,2,2.8,12.364020066726031,0.0,7
17,0,3,2.8,15.903883078031237,0.0,7
17,0,4,2.8,12.29593188819861,0.0,7
17,0,5,2.8,15.38898347775776,0.0,7
17,0,6,2.8,10.5954406471561,0.0,7
17,0,7,3.2,10.270154281492115,0.0,7
17,0,8,3.4,7.212758119119997,0.0,7
17,0,9,3.4,9.880655067223048,0.0,7
17,0,10,2.8,18.3153153185475,0.0,7
17,0,11,2.8,9.977407085720678,0.0,7
17,0,12,3.0,12.626014519011667,0.0,7
17,0,13,3.0,10.37609898871094,0.0,7
17,0,14,2.8,18.127088963004415,0.0,7
17,0,15,3.0,12.497110913024331,0.0,7
17,0,16,2.8,10.476345896420302,0.0,7
18,0,1,2.8,16.87736720855288,0.0,7
18,0,2,2.8,15.1133657479729,0.0,7
18,0,3,2.8,11.192126632804948,0.0,7
18,0,4,2.8,11.982493404309716,0.0,7
18,0,5,2.8,10.713299572758212,0.0,7
18,0,6,3.0,9.601595214882648,0.0,7
18,0,7,2.8,12.108669402026674,0.0,7
18,0,8,2.8,12.626931678202256,0.0,7
18,0,9,2.8,10.634035277499564,0.0,7
18,0,10,2.8,14.987901645907757,0.0,7
18,0,11,2.8,12.62354157581457,0.0,7
18,0,12,2.8,14.224882385175535,0.0,7
18,0,13,2.8,13.22478656958761,0.0,7
18,0,14,2.8,13.878466996194193,0.0,7
18,0,15,2.8,13.318568626481275,0.0,7
18,0,16,2.8,13.938390694305479,0.0,7
18,0,17,2.8,12.264059535603696,0.0,7
18,0,18,3.0,8.248827159370665,0.0,7
18,0,19,3.6,8.036122283179981,0.0,7
18,0,20,2.8,13.13023618489022,0.0,7
18,0,21,3.0,9.436718462267052,0.0,7
18,0,22,2.8,10.993994838663786,0.0,5
19,0,1,3.2,13.080418581026482,0.0,7
19,0,2,3.0,9.632493835995637,0.0,7
19,0,3,3.6,9.390693220323362,0.0,7
19,0,4,3.2,8.700400778811044,0.0,7
19,0,5,3.0,12.378177727061539,0.0,7
19,0,6,2.8,9.753462431940997,0.0,7
19,0,7,3.6,9.281431137920833,0.0,7
19,0,8,2.8,9.906653279017963,0.0,7
19,0,9,2.8,12.237682569346283,0.0,7
19,0,10,2.8,10.58560845986503,0.0,7
19,0,11,3.0,11.650263757440035,0.0,7
19,0,12,2.8,10.592636709739992,0.0,7
19,0,13,2.8,10.833757488894998,0.0,7
19,0,14,2.8,10.601648490349989,0.0,7
19,0,15,3.6,9.106046738482883,0.125,7
19,0,16,2.8,14.049425355465756,0.0,7
19,0,17,2.8,11.540243302940096,0.0,7
19,0,18,3.0,11.307059659940048,0.0,7
19,0,19,3.0,7.666336122202023,0.0,7
19,0,20,3.8,6.667506462741161,0.125,7
20,0,1,2.8,10.55838051853015,0.0,7
20,0,2,2.8,11.190354305369402,0.0,7
20,0,3,2.8,12.486694042467214,0.0,7
20,0,4,2.8,9.74594088910283,0.0,7
20,0,5,2.8,9.642752111909296,0.0,7
20,0,6,2.8,9.355662463246233,0.0,7
20,0,7,2.8,10.398492335028774,0.0,7
20,0,8,2.8,11.693615965096132,0.0,7
20,0,9,3.0,11.450526448973886,0.0,7
20,0,10,2.8,9.739998454145951,0.0,7
20,0,11,2.8,12.557360552806756,0.0,7
20,0,12,3.8,7.846452386833508,0.125,7
20,0,13,2.8,10.398816295940343,0.0,7
20,0,14,2.8,9.400868686230218,0.0,7
20,0,15,2.8,15.036171421207777,0.0,7
20,0,16,3.0,10.635074852015212,0.0,7
20,0,17,2.8,13.23405251400176,0.0,7
20,0,18,3.2,9.954921471750897,0.0,7
20,0,19,2.8,14.071851381978856,0.0,7
20,0,20,2.8,8.792403675962127,0.0,7
20,0,21,2.8,9.93961250892398,0.0,7
20,0,22,2.4,13.325440345164305,0.0,6
1,1,1,7.2,2.4251943194796253,0.125,7
1,1,2,5.2,4.331940183643402,0.0,7
2,1,1,3.5,3.7004218777179543,0.0,4
3,1,1,4.2,5.601735416182513,0.0,7
3,1,2,3.8,5.140684170397814,0.0,7
3,1,3,3.4,4.97012475653817,0.0,7
4,1,1,4.0,6.886838340572899,0.0,7
4,1,2,2.8,8.965581600692392,0.0,5
5,1,1,2.4,10.51458149179008,0.0,5
6,1,1,2.4,9.630526188555377,0.0,5
7,1,1,2.8,7.89567774557351,0.0,6
8,1,1,2.6,10.502923041174444,0.0,6
9,1,1,2.4,9.55120781783197,0.0,6
10,1,1,2.8,9.330782576332119,0.0,7
10,1,2,3.2,7.657270980719261,0.0,7
10,1,3,3.0,7.754100231974073,0.0,7
10,1,4,2.8,7.4966005860686975,0.0,7
10,1,5,2.8,8.97181285838738,0.0,7
10,1,6,2.8,10.51611245543188,0.0,7
10,1,7,2.8,6.952507487180832,0.0,7
10,1,8,2.8,10.240745347181505,0.0,7
10,1,9,2.8,8.504114832779813,0.0,7
11,1,1,2.8,8.345357206140196,0.0,7
11,1,2,2.8,8.456594536676981,0.0,7
11,1,3,2.8,7.870024706799173,0.0,7
11,1,4,2.8,7.2954787102592284,0.0,7
11,1,5,2.8,7.8488118699407305,0.0,7
11,1,6,2.8,9.558514201850787,0.0,7
11,1,7,2.8,6.032193822294121,0.0,7
11,1,8,2.8,8.489414505914436,0.0,7
11,1,9,2.8,8.679636006000257,0.0,7
11,1,10,2.8,8.195583056434094,0.0,7
11,1,11,2.4,9.523105919494341,0.0,6
12,1,1,2.8,7.425849873717046,0.0,7
12,1,2,2.8,7.118269237041586,0.0,7
12,1,3,2.8,6.439021946662577,0.0,7
12,1,4,3.0,5.243183791448423,0.0,7
12,1,5,2.8,8.510774640070398,0.0,7
12,1,6,2.8,5.896367881577165,0.0,7
12,1,7,3.0,7.92616755270391,0.0,7
12,1,8,3.0,6.63951321993512,0.0,7
12,1,9,3.0,8.517502397995544,0.0,7
12,1,10,2.4,7.353742078364838,0.0,5
13,1,1,3.0,7.060805881053472,0.0,7
13,1,2,3.2,6.539924804130301,0.0,7
13,1,3,3.4,6.487896202820503,0.0,7
13,1,4,3.2,8.657977108854983,0.0,7
13,1,5,2.8,9.485342135032447,0.0,7
13,1,6,4.0,4.821648211942284,0.125,7
13,1,7,2.8,12.093404657015485,0.0,7
13,1,8,3.0,6.779970559052606,0.0,7
13,1,9,3.0,6.029101674443453,0.0,7
13,1,10,3.2,5.998917938547706,0.0,7
13,1,11,3.0,6.8319908422476985,0.0,7
14,1,1,2.8,6.530176164279984,0.0,7
14,1,2,3.6,5.721494399639286,0.125,7
14,1,3,2.8,8.87840389385586,0.0,7
14,1,4,2.8,6.390100749420897,0.0,7
14,1,5,3.0,4.687562834157708,0.0,7
14,1,6,2.8,6.298005611165671,0.0,7
14,1,7,2.8,8.494272644584544,0.0,7
14,1,8,2.8,9.978381358206619,0.0,7
14,1,9,2.8,6.297209320219866,0.0,7
14,1,10,2.8,8.266965649187027,0.0,7
14,1,11,2.8,6.846452645958203,0.0,7
14,1,12,2.8,7.219245736318685,0.0,7
14,1,13,2.0,8.213046720896385,0.0,5
15,1,1,2.8,8.361555018843339,0.0,7
15,1,2,2.8,10.192092471739713,0.0,7
15,1,3,2.8,9.985946375548304,0.0,7
15,1,4,3.0,12.586380777412867,0.0,7
15,1,5,2.8,11.82817634488319,0.0,7
15,1,6,2.8,9.979215002005938,0.0,7
15,1,7,2.8,8.966160954508357,0.0,7
15,1,8,2.8,11.392369449513282,0.0,7
15,1,9,2.8,13.488899771395698,0.0,7
15,1,10,2.8,9.130356506323508,0.0,7
15,1,11,3.0,9.070509900745952,0.0,7
15,1,12,2.8,7.643606719375837,0.0,7
15,1,13,2.8,9.24474158526292,0.0,7
15,1,14,2.8,11.63388260258342,0.0,7
15,1,15,2.8,10.339131977480264,0.0,7
15,1,16,2.0,11.927276049687157,0.0,4
16,1,1,2.8,9.690435367517194,0.0,7
16,1,2,3.0,13.085105305109476,0.0,7
16,1,3,2.8,11.500882076316431,0.0,7
16,1,4,2.8,11.87137477852691,0.0,7
16,1,5,2.8,10.115805360454974,0.0,7
16,1,6,2.8,9.688154015802587,0.0,7
16,1,7,3.0,15.23036620165281,0.0,7
16,1,8,2.8,10.96096370332763,0.0,7
16,1,9,2.8,13.80628119294141,0.0,7
16,1,10,2.8,11.546818980135718,0.0,7
16,1,11,2.8,9.992615792179972,0.0,7
16,1,12,2.8,10.990303380615268,0.0,7
16,1,13,2.8,8.995387412595228,0.0,7
16,1,14,2.8,12.633690136803859,0.0,7
16,1,15,3.0,11.515539174526138,0.0,7
16,1,16,2.8,11.245397298165313,0.0,7
16,1,17,2.8,8.673162012841269,0.0,7
16,1,18,2.8,8.551349143752095,0.0,7
16,1,19,2.8,10.553837978958652,0.0,7
16,1,20,2.2,16.551548259584873,0.0,5
17,1,1,3.0,11.441125012741868,0.0,7
17,1,2,2.8,11.46975489478223,0.0,7
17,1,3,2.8,12.054395900915894,0.0,7
17,1,4,2.8,12.657513867915256,0.0,7
17,1,5,2.8,12.860172663655025,0.0,7
17,1,6,2.8,10.52144210461473,0.0,7
17,1,7,3.8,7.528123212929348,0.125,7
17,1,8,3.2,8.5850671616753,0.0,7
17,1,9,3.0,13.079808873357802,0.0,7
17,1,10,2.8,13.450480963220679,0.0,7
17,1,11,2.8,10.517227804029583,0.0,7
17,1,12,3.0,11.472231106682276,0.0,7
17,1,13,3.0,11.418112038545264,0.0,7
17,1,14,2.8,18.018683789806712,0.0,7
17,1,15,2.8,10.070161845069665,0.0,7
17,1,16,3.0,9.415776967462751,0.0,7
18,1,1,3.2,11.42935935238353,0.0,7
18,1,2,3.2,14.77014550134715,0.0,7
18,1,3,3.0,11.980238072995057,0.0,7
18,1,4,3.0,7.9342523344295985,0.0,7
18,1,5,2.8,14.282176491035667,0.0,7
18,1,6,3.0,9.049327811372747,0.0,7
18,1,7,2.8,9.156537124628931,0.0,7
18,1,8,2.8,10.851917844700157,0.0,7
18,1,9,2.8,12.487489410085503,0.0,7
18,1,10,2.8,11.312275424336036,0.0,7
18,1,11,2.8,11.890489265274255,0.0,7
18,1,12,2.8,14.704140807925835,0.0,7
18,1,13,2.8,10.483581948406385,0.0,7
18,1,14,3.0,14.76206437874721,0.0,7
18,1,15,3.0,9.856962075516675,0.0,7
18,1,16,2.8,10.837724793594951,0.0,7
18,1,17,2.8,11.858251274293034,0.0,7
18,1,18,3.2,8.739890318344248,0.0,7
18,1,19,3.2,10.25381253409693,0.0,7
18,1,20,2.8,9.36198457997689,0.0,7
18,1,21,3.4,7.652869936179759,0.0,7
19,1,1,3.4,11.62725129397435,0.0,7
19,1,2,3.0,10.822865392293986,0.0,7
19,1,3,3.6,8.492958704275155,0.0,7
19,1,4,3.4,7.697120629993552,0.0,7
19,1,5,2.8,12.020441911932311,0.0,7
19,1,6,2.8,11.089713049493728,0.0,7
19,1,7,3.6,8.14459229642656,0.0,7
19,1,8,3.0,11.370302831199844,0.0,7
19,1,9,2.8,13.6235785363091,0.0,7
19,1,10,2.8,10.030553648089802,0.0,7
19,1,11,2.8,14.341961120819352,0.0,7
19,1,12,2.8,12.391788407518833,0.0,7
19,1,13,2.8,14.10265119560085,0.0,7
19,1,14,3.0,9.687469789937284,0.0,7
19,1,15,3.0,11.158251373387452,0.0,7
19,1,16,2.8,11.418713696552738,0.0,7
19,1,17,2.8,11.73563584190521,0.0,7
19,1,18,2.8,18.069276548674495,0.0,7
19,1,19,3.0,10.168386522799103,0.0,7
19,1,20,3.0,9.12019339134462,0.0,7
19,1,21,2.5,15.247427660454836,0.0,4
20,1,1,3.2,8.57325534317908,0.0,7
20,1,2,3.0,11.546269775269634,0.0,7
20,1,3,3.0,12.339814260030595,0.0,7
20,1,4,2.8,9.155213273845865,0.0,7
20,1,5,2.8,10.912981640555657,0.0,7
20,1,6,3.0,8.852609322619188,0.0,7
20,1,7,3.2,9.923053875717796,0.0,7
20,1,8,3.0,10.79264659275486,0.0,7
20,1,9,2.8,12.026340689658987,0.0,7
20,1,10,3.2,9.782389869056523,0.0,7
20,1,11,3.0,9.883172147789708,0.0,7
20,1,12,3.2,9.72167791514925,0.0,7
20,1,13,2.8,12.554472275071257,0.0,7
20,1,14,2.8,12.310213752455073,0.0,7
20,1,15,3.2,9.666102829967004,0.0,7
20,1,16,2.8,18.15363612292663,0.0,7
20,1,17,3.2,9.622926949172063,0.0,7
20,1,18,2.8,12.289049049561598,0.0,7
20,1,19,2.8,12.144242574198095,0.0,7
20,1,20,2.8,9.683376991567258,0.0,7
20,1,21,3.0,11.278269241221768,0.0,7
1,2,1,7.2,2.4547542219424288,0.125,7
1,2,2,5.6,3.8523733405293146,0.0,7
2,2,1,3.5,3.6918931690886763,0.0,4
3,2,1,4.2,5.63325532284213,0.0,7
3,2,2,3.8,5.294746571481257,0.0,7
3,2,3,3.4,5.37001115445506,0.0,7
4,2,1,4.0,5.830797165643669,0.0,7
4,2,2,2.8,8.620432159241966,0.0,5
5,2,1,3.0,6.841182945797677,0.0,4
6,2,1,2.4,9.707843849615143,0.0,5
7,2,1,2.8,7.384554658283487,0.0,6
8,2,1,2.6,8.974984544959565,0.0,5
9,2,1,2.4,10.551328972326468,0.0,6
10,2,1,2.8,7.741713699393751,0.0,7
10,2,2,3.0,7.0942233490756585,0.0,7
10,2,3,3.2,5.708871982563789,0.0,7
10,2,4,2.8,7.0425212026779755,0.0,7
10,2,5,2.8,7.7029964475252735,0.0,7
10,2,6,2.8,7.501897441064384,0.0,7
10,2,7,2.8,9.250131966830413,0.0,7
10,2,8,2.8,7.360703607994714,0.0,7
10,2,9,2.8,6.94183363913358,0.0,7
11,2,1,2.8,8.254209382467645,0.0,7
11,2,2,2.8,7.791783635202196,0.0,7
11,2,3,2.8,8.73408270090564,0.0,7
11,2,4,2.8,8.97390781220187,0.0,7
11,2,5,2.8,6.180047639904809,0.0,7
11,2,6,2.8,10.101503447188797,0.0,7
11,2,7,2.8,5.675453414129085,0.0,7
11,2,8,2.8,10.261721636579242,0.0,7
11,2,9,2.8,8.556793555419327,0.0,7
11,2,10,2.8,9.220487819510614,0.0,7
11,2,11,2.4,10.180567474868203,0.0,6
12,2,1,2.8,7.94327666002357,0.0,7
12,2,2,2.8,7.397148291941839,0.0,7
12,2,3,3.0,6.309092019650827,0.0,7
12,2,4,2.8,5.360998328143899,0.0,7
12,2,5,2.8,6.380633351254909,0.0,7
12,2,6,2.8,5.680176587878971,0.0,7
12,2,7,3.0,8.250890134837475,0.0,7
12,2,8,2.8,7.467182302721669,0.0,7
12,2,9,2.8,8.266581197411583,0.0,7
12,2,10,3.5,6.51469172717488,0.2,4
13,2,1,2.8,7.521591060526392,0.0,7
13,2,2,2.8,10.186993003802304,0.0,7
13,2,3,3.6,6.48594421277733,0.125,7
13,2,4,3.0,8.965564388521816,0.0,7
13,2,5,2.8,9.240101104533744,0.0,7
13,2,6,2.8,8.943552094934098,0.0,7
13,2,7,3.0,7.938950514756352,0.0,7
13,2,8,3.0,8.941122032958694,0.0,7
13,2,9,3.6,5.102519782991734,0.125,7
13,2,10,2.8,8.216819159776447,0.0,7
13,2,11,2.8,7.218808041458404,0.0,7
13,2,12,2.0,10.273185869470963,0.0,5
14,2,1,2.8,7.233836873711024,0.0,7
14,2,2,3.0,6.6696925270749725,0.0,7
14,2,3,3.0,6.845550249874319,0.0,7
14,2,4,2.8,5.416872004382026,0.0,7
14,2,5,3.0,5.480622357722336,0.0,7
14,2,6,2.8,6.108501187112857,0.0,7
14,2,7,2.8,7.795771766171376,0.0,7
14,2,8,2.8,8.770932712382582,0.0,7
14,2,9,2.8,7.284196685287117,0.0,7
14,2,10,2.8,6.0919247793713325,0.0,7
14,2,11,2.8,7.816750100958926,0.0,7
14,2,12,2.8,6.962170743038931,0.0,7
14,2,13,2.4,6.08340450511408,0.0,6
15,2,1,2.8,10.190870938809518,0.0,7
15,2,2,3.0,9.121268937291145,0.0,7
15,2,3,2.8,9.432677369205592,0.0,7
15,2,4,2.8,10.543736764620391,0.0,7
15,2,5,2.8,12.212816165653607,0.0,7
15,2,6,2.8,9.979215002005636,0.0,7
15,2,7,2.8,9.64238315373253,0.0,7
15,2,8,3.0,12.382883953513883,0.0,7
15,2,9,2.8,13.461493879033622,0.0,7
15,2,10,2.8,7.230566357683864,0.0,7
15,2,11,2.8,10.399061450331244,0.0,7
15,2,12,2.8,8.783206174732035,0.0,7
15,2,13,2.8,8.392557022806,0.0,7
15,2,14,2.8,10.875844856104383,0.0,7
15,2,15,2.8,11.001670942420247,0.0,7
15,2,16,2.0,12.921109065829096,0.0,4
16,2,1,2.8,11.25079873773182,0.0,7
16,2,2,2.8,11.90774818693151,0.0,7
16,2,3,2.8,10.602701782927793,0.0,7
16,2,4,3.0,9.209033542508445,0.0,7
16,2,5,2.8,10.653863881059191,0.0,7
16,2,6,2.8,8.693042326996782,0.0,7
16,2,7,3.0,14.120850281371258,0.0,7
16,2,8,2.8,11.248214346175454,0.0,7
16,2,9,2.8,11.708036902370274,0.0,7
16,2,10,2.8,9.608193013312832,0.0,7
16,2,11,2.8,13.343161322168012,0.0,7
16,2,12,2.8,11.741959049348674,0.0,7
16,2,13,2.8,10.505090542829702,0.0,7
16,2,14,2.8,10.79525325029499,0.0,7
16,2,15,2.8,11.446969572560294,0.0,7
16,2,16,2.8,13.03820462791904,0.0,7
16,2,17,3.0,9.256349780722031,0.0,7
16,2,18,2.8,8.763358380738193,0.0,7
16,2,19,2.8,8.990569809262913,0.0,7
16,2,20,2.2,13.03334298775962,0.0,5
17,2,1,3.0,12.230650367200683,0.0,7
17,2,2,3.2,10.687886913723196,0.0,7
17,2,3,3.0,11.061306067974623,0.0,7
17,2,4,2.8,10.37758338706378,0.0,7
17,2,5,2.8,14.211040245044936,0.0,7
17,2,6,2.8,10.678913377006701,0.0,7
17,2,7,4.0,6.551963706615677,0.125,7
17,2,8,3.0,8.216711418784929,0.0,7
17,2,9,3.2,12.254835017534374,0.0,7
17,2,10,2.8,10.366805873554977,0.0,7
17,2,11,2.8,9.689285347262398,0.0,7
17,2,12,3.0,10.432652224030598,0.0,7
17,2,13,3.2,10.446136614917922,0.0,7
17,2,14,2.8,11.578444614014206,0.0,7
17,2,15,3.0,11.438051696225287,0.0,7
17,2,16,2.5,11.650616235754548,0.0,4
18,2,1,4.0,8.997240678381665,0.0,7
18,2,2,3.6,10.582269098004879,0.0,7
18,2,3,3.0,10.946954636564923,0.0,7
18,2,4,3.2,9.442224591485799,0.0,7
18,2,5,3.0,10.18655562487689,0.0,7
18,2,6,3.0,8.567152709062928,0.0,7
18,2,7,2.8,11.605563689670936,0.0,7
18,2,8,2.8,10.786310727907116,0.0,7
18,2,9,2.8,18.595438155357677,0.0,7
18,2,10,2.8,10.753768608933349,0.0,7
18,2,11,2.8,17.384819832042805,0.0,7
18,2,12,2.8,11.10457685291483,0.0,7
18,2,13,2.8,11.999263237227611,0.0,7
18,2,14,2.8,10.399508871013097,0.0,7
18,2,15,2.8,12.866969375318678,0.0,7
18,2,16,2.8,13.175772513798819,0.0,7
18,2,17,2.8,8.785285337297461,0.0,7
18,2,18,2.8,11.791535595305781,0.0,7
18,2,19,3.2,11.888384200493828,0.0,7
18,2,20,3.0,8.998092916405136,0.0,7
18,2,21,3.4,8.029561906818405,0.0,7
19,2,1,3.2,13.85058786972144,0.0,7
19,2,2,2.8,11.10391701763156,0.0,7
19,2,3,3.6,9.631766806867939,0.0,7
19,2,4,3.4,8.271615187210884,0.0,7
19,2,5,2.8,12.174138555426872,0.0,7
19,2,6,2.8,10.500647713313045,0.0,7
19,2,7,3.6,8.963907948026982,0.0,7
19,2,8,3.0,10.593035231154147,0.0,7
19,2,9,2.8,13.970832614419631,0.0,7
19,2,10,3.0,8.987844317385608,0.0,7
19,2,11,3.0,10.775463333974113,0.0,7
19,2,12,2.8,14.07420205408506,0.0,7
19,2,13,2.8,11.746281532339886,0.0,7
19,2,14,3.0,10.484594430389068,0.0,7
19,2,15,3.0,9.26509300017106,0.0,7
19,2,16,3.0,9.589782142772904,0.0,7
19,2,17,2.8,12.356247934036558,0.0,7
19,2,18,3.0,10.845884919813004,0.0,7
19,2,19,3.0,8.752450932574849,0.0,7
19,2,20,3.2,8.579834051777647,0.0,7
20,2,1,2.8,9.478437154630633,0.0,7
20,2,2,2.8,11.377708819594181,0.0,7
20,2,3,3.0,11.852486047917518,0.0,7
20,2,4,2.8,10.321950218464963,0.0,7
20,2,5,2.8,7.974821249637669,0.0,7
20,2,6,2.8,9.368489717049847,0.0,7
20,2,7,3.0,10.008178329786405,0.0,7
20,2,8,2.8,10.419669276664672,0.0,7
20,2,9,3.0,14.508273442430484,0.0,7
20,2,10,2.8,11.500306744172137,0.0,7
20,2,11,3.0,9.521360137511367,0.0,7
20,2,12,3.2,9.661735771743158,0.0,7
20,2,13,3.2,8.32672886276464,0.0,7
20,2,14,2.8,10.595152530226951,0.0,7
20,2,15,3.0,13.61948277233798,0.0,7
20,2,16,2.8,15.540419263724068,0.0,7
20,2,17,2.8,13.247493563738177,0.0,7
20,2,18,3.0,9.303715078802552,0.0,7
20,2,19,2.8,13.656964363247411,0.0,7
20,2,20,2.8,9.641075446912193,0.0,7
20,2,21,3.0,9.342052692110471,0.0,7
20,2,22,2.0,14.213418407393299,0.0,5
1,3,1,7.0,2.990968385164107,0.125,7
1,3,2,5.4,3.826433435440189,0.0,7
3,3,1,4.2,6.2097867136131395,0.0,7
3,3,2,4.0,5.2422265886083474,0.0,7
3,3,3,3.2,5.660293910566995,0.0,7
4,3,1,4.0,5.87042785565154,0.0,7
4,3,2,2.8,8.068246243803678,0.0,5
5,3,1,2.4,10.738691108264588,0.0,5
6,3,1,2.4,10.164845204342775,0.0,6
7,3,1,2.8,8.353886274253892,0.0,7
8,3,1,2.6,8.460078641739717,0.0,6
9,3,1,2.4,7.741254883395147,0.0,6
10,3,1,2.8,8.891659003035732,0.0,7
10,3,2,3.0,8.325054211442438,0.0,7
10,3,3,2.8,7.507287589289122,0.0,7
10,3,4,2.8,8.770386384207114,0.0,7
10,3,5,2.8,7.20296519392643,0.0,7
10,3,6,3.0,7.256607070490215,0.0,7
10,3,7,2.8,6.697280801377251,0.0,7
10,3,8,2.8,6.94931289320849,0.0,7
10,3,9,2.8,8.368162950642198,0.0,7
10,3,10,2.0,8.06914517855134,0.0,4
11,3,1,2.8,8.099401751963185,0.0,7
11,3,2,2.8,8.57655672438984,0.0,7
11,3,3,2.8,7.389103680525647,0.0,7
11,3,4,2.8,8.665227645044235,0.0,7
11,3,5,2.8,9.68434867610519,0.0,7
11,3,6,2.8,7.227501450013266,0.0,7
11,3,7,2.8,6.955121215973463,0.0,7
11,3,8,2.8,8.57368571858382,0.0,7
11,3,9,2.8,7.949263703041955,0.0,7
11,3,10,2.8,7.5132183242610715,0.0,7
11,3,11,2.4,9.84888320592195,0.0,6
12,3,1,2.8,6.296065767685753,0.0,7
12,3,2,2.8,6.619171925999307,0.0,7
12,3,3,3.0,7.19574066767723,0.0,7
12,3,4,2.8,4.924082131955697,0.0,7
12,3,5,2.8,8.899388358886249,0.0,7
12,3,6,2.8,7.0940849669569435,0.0,7
12,3,7,3.0,8.740258775918894,0.0,7
12,3,8,3.0,5.99995091936532,0.0,7
12,3,9,3.0,8.764619329424066,0.0,7
12,3,10,2.4,7.974960137646226,0.0,6
13,3,1,2.8,6.68148988782113,0.0,7
13,3,2,3.0,9.081659555703022,0.0,7
13,3,3,2.8,6.706147034366722,0.0,7
13,3,4,2.8,11.71567635933845,0.0,7
13,3,5,3.0,9.405834361860927,0.0,7
13,3,6,4.0,5.671678675878999,0.125,7
13,3,7,2.8,9.7913765876512,0.0,7
13,3,8,3.0,8.277208124937612,0.0,7
13,3,9,3.6,5.295980579049457,0.125,7
13,3,10,2.8,6.572099450297739,0.0,7
13,3,11,2.8,7.288473782382047,0.0,7
13,3,12,2.0,8.684958758915009,0.0,4
14,3,1,2.8,8.728201988644132,0.0,7
14,3,2,3.6,4.964582596273111,0.125,7
14,3,3,2.8,8.503532159743074,0.0,7
14,3,4,2.8,5.926281383872702,0.0,7
14,3,5,2.8,4.582216273619985,0.0,7
14,3,6,2.8,6.0935948560336595,0.0,7
14,3,7,2.8,7.54975336080518,0.0,7
14,3,8,2.8,9.319589988487843,0.0,7
14,3,9,2.8,4.962187413345793,0.0,7
14,3,10,2.8,7.233980199449603,0.0,7
14,3,11,2.8,7.947100631997496,0.0,7
14,3,12,2.8,6.786096564628009,0.0,7
14,3,13,2.2,6.579057054309263,0.0,5
15,3,1,3.0,10.123419186305952,0.0,7
15,3,2,3.0,10.276803449808373,0.0,7
15,3,3,2.8,11.377349530748381,0.0,7
15,3,4,2.8,12.605801550718219,0.0,7
15,3,5,2.8,10.330577890925587,0.0,7
15,3,6,2.8,10.181216726872904,0.0,7
15,3,7,2.8,7.847377565939855,0.0,7
15,3,8,3.0,12.330902708296357,0.0,7
15,3,9,2.8,11.698737566078131,0.0,7
15,3,10,2.8,10.392709461203422,0.0,7
15,3,11,2.8,8.783872686108918,0.0,7
15,3,12,2.8,9.087734373278709,0.0,7
15,3,13,2.8,8.949914833219818,0.0,7
15,3,14,3.0,8.664651338982509,0.0,7
15,3,15,2.8,10.423182955787457,0.0,7
16,3,1,2.8,9.41707688134317,0.0,7
16,3,2,3.6,8.690853237931188,0.125,7
16,3,3,3.0,10.505794251335777,0.0,7
16,3,4,3.0,10.91246271864777,0.0,7
16,3,5,2.8,9.64243050728074,0.0,7
16,3,6,2.8,9.876752352802008,0.0,7
16,3,7,3.0,11.94526510961441,0.0,7
16,3,8,2.8,11.030416676880318,0.0,7
16,3,9,2.8,10.325474536431493,0.0,7
16,3,10,2.8,9.196886913557986,0.0,7
16,3,11,2.8,12.68768260672107,0.0,7
16,3,12,2.8,12.630370097192959,0.0,7
16,3,13,2.8,9.413124576096404,0.0,7
16,3,14,2.8,9.007144332404167,0.0,7
16,3,15,2.8,13.515261821343802,0.0,7
16,3,16,3.0,9.674103364513352,0.0,7
16,3,17,3.2,8.135933293177203,0.0,7
16,3,18,2.8,8.041799815283131,0.0,7
16,3,19,2.8,10.682885629764586,0.0,7
17,3,1,2.8,12.585870200015187,0.0,7
17,3,2,2.8,13.133126244996312,0.0,7
17,3,3,2.8,14.168732124457444,0.0,7
17,3,4,2.8,14.005424992560231,0.0,7
17,3,5,2.8,12.954100509118714,0.0,7
17,3,6,2.8,9.0979204195611,0.0,7
17,3,7,3.8,7.0875107408053815,0.125,7
17,3,8,3.2,7.9417005529748685,0.0,7
17,3,9,3.0,11.136009621133288,0.0,7
17,3,10,3.0,13.676232419486558,0.0,7
17,3,11,2.8,9.535347190797639,0.0,7
17,3,12,3.0,11.342667443420835,0.0,7
17,3,13,3.0,11.31095212597001,0.0,7
17,3,14,2.8,12.595364461086572,0.0,7
17,3,15,2.8,9.236646824872391,0.0,7
17,3,16,3.0,9.27091721204284,0.0,7
18,3,1,3.4,13.293342488504019,0.0,7
18,3,2,3.2,10.278618722572865,0.0,7
18,3,3,3.2,13.784481220200416,0.0,7
18,3,4,3.0,7.46102232098964,0.0,7
18,3,5,3.0,12.362945695274028,0.0,7
18,3,6,2.8,10.062320506372354,0.0,7
18,3,7,2.8,10.437701125256401,0.0,7
18,3,8,2.8,11.735274314161481,0.0,7
18,3,9,2.8,14.013786375952836,0.0,7
18,3,10,2.8,10.237662862262992,0.0,7
18,3,11,2.8,12.971672123667764,0.0,7
18,3,12,2.8,15.371608375995773,0.0,7
18,3,13,2.8,9.506172862506062,0.0,7
18,3,14,2.8,13.125753378962349,0.0,7
18,3,15,3.0,12.905087763424083,0.0,7
18,3,16,2.8,11.350356116974265,0.0,7
18,3,17,2.8,11.106551411067777,0.0,7
18,3,18,3.4,7.366982319953104,0.0,7
18,3,19,3.2,11.421186048098825,0.0,7
18,3,20,3.0,9.068357662501771,0.0,7
18,3,21,3.2,8.926962792493285,0.0,7
19,3,1,3.4,12.231847568902763,0.0,7
19,3,2,2.8,10.645820778860548,0.0,7
19,3,3,3.4,10.602520292476344,0.0,7
19,3,4,3.6,7.336181765338509,0.0,7
19,3,5,3.0,10.75640459377616,0.0,7
19,3,6,2.8,10.62725162345629,0.0,7
19,3,7,3.4,8.984490544449832,0.0,7
19,3,8,3.0,10.893370645745089,0.0,7
19,3,9,2.8,12.116082159057328,0.0,7
19,3,10,2.8,9.082530984994273,0.0,7
19,3,11,3.0,12.096826152820793,0.0,7
19,3,12,2.8,11.863009004731724,0.0,7
19,3,13,2.8,12.85748040069807,0.0,7
19,3,14,3.0,8.808496465566831,0.0,7
19,3,15,3.0,11.260973757786331,0.0,7
19,3,16,2.8,11.250675211151693,0.0,7
19,3,17,2.8,13.437352590962371,0.0,7
19,3,18,3.0,14.885467571736372,0.0,7
19,3,19,3.0,8.337065563536866,0.0,7
19,3,20,2.8,9.451676417200447,0.0,7
19,3,21,2.5,11.515418767652042,0.0,4
20,3,1,3.4,7.831503159614281,0.0,7
20,3,2,3.0,10.531859810128676,0.0,7
20,3,3,3.2,9.616359552474695,0.0,7
20,3,4,2.8,9.576286594585778,0.0,7
20,3,5,2.8,10.24094814198049,0.0,7
20,3,6,2.8,9.097962157108968,0.0,7
20,3,7,3.0,11.376222644515744,0.0,7
20,3,8,2.8,11.097375212049066,0.0,7
20,3,9,3.0,12.132233526167974,0.0,7
20,3,10,2.8,10.267493903514021,0.0,7
20,3,11,3.6,8.219571969908946,0.125,7
20,3,12,3.0,8.396531367380346,0.0,7
20,3,13,2.8,12.554472275071735,0.0,7
20,3,14,2.8,12.693443585749677,0.0,7
20,3,15,3.2,9.456860555640114,0.0,7
20,3,16,2.8,13.01555498421448,0.0,7
20,3,17,2.8,10.228105937315883,0.0,7
20,3,18,2.8,11.559721677423406,0.0,7
20,3,19,2.8,11.39770078311724,0.0,7
20,3,20,2.8,9.606692004683968,0.0,7
20,3,21,2.8,12.182470752351676,0.0,7
1,4,1,5.6,3.8169441597708738,0.0,7
1,4,2,6.8,2.9790605306033004,0.125,7
2,4,1,3.5,3.70327354393039,0.0,4
3,4,1,4.2,5.021110461448228,0.0,7
3,4,2,4.0,4.414017577391167,0.0,7
3,4,3,3.0,7.100415168178186,0.0,7
4,4,1,4.2,6.74151921204145,0.0,7
4,4,2,3.25,7.493888707781945,0.0,4
5,4,1,2.4,12.213888434019799,0.0,6
6,4,1,2.4,8.841819384546376,0.0,5
7,4,1,2.8,6.712283671790432,0.0,6
8,4,1,2.6,8.74141099619188,0.0,5
9,4,1,2.4,7.831502317269258,0.0,6
10,4,1,2.8,9.133441958597713,0.0,7
10,4,2,2.8,6.9839283828368055,0.0,7
10,4,3,3.0,7.6252541771049,0.0,7
10,4,4,2.8,7.878899800625042,0.0,7
10,4,5,2.8,6.8675130506676645,0.0,7
10,4,6,2.8,8.762231120566824,0.0,7
10,4,7,2.8,7.138795711428992,0.0,7
10,4,8,2.8,8.139578847802271,0.0,7
10,4,9,2.8,7.4810194493830675,0.0,7
10,4,10,2.25,11.069242279996601,0.0,4
11,4,1,2.8,7.487534098707077,0.0,7
11,4,2,2.8,8.433003680741583,0.0,7
11,4,3,2.8,7.809034432215686,0.0,7
11,4,4,2.8,7.906039107685314,0.0,7
11,4,5,2.8,7.869243489968034,0.0,7
11,4,6,2.8,7.657753903402727,0.0,7
11,4,7,2.8,6.092985105212303,0.0,7
11,4,8,2.8,8.823948593601656,0.0,7
11,4,9,2.8,8.055173888598706,0.0,7
11,4,10,2.8,7.260584481460361,0.0,7
11,4,11,2.4,8.457391283449349,0.0,6
12,4,1,2.8,6.4852931956419235,0.0,7
12,4,2,2.8,7.211730962904082,0.0,7
12,4,3,3.0,7.719804055458262,0.0,7
12,4,4,2.8,5.792753115018571,0.0,7
12,4,5,2.8,9.032431353883965,0.0,7
12,4,6,2.8,6.282641060444809,0.0,7
12,4,7,2.8,11.595124581338835,0.0,7
12,4,8,3.0,6.529475130139045,0.0,7
12,4,9,2.8,8.188159282584916,0.0,7
12,4,10,2.8,7.496697195691829,0.0,6
13,4,1,2.8,7.93656292894887,0.0,7
13,4,2,3.0,7.530854448546873,0.0,7
13,4,3,3.8,4.704645675033711,0.125,7
13,4,4,2.8,11.477950423791265,0.0,7
13,4,5,2.8,7.077971732087434,0.0,7
13,4,6,3.2,6.373045035961581,0.0,7
13,4,7,3.2,7.089867616388412,0.0,7
13,4,8,3.2,6.386989137144254,0.0,7
13,4,9,3.0,6.001709767541838,0.0,7
13,4,10,3.2,5.854493886442194,0.0,7
13,4,11,2.8,6.494930892275938,0.0,7
14,4,1,3.0,6.061969006472971,0.0,7
14,4,2,3.0,6.938493186507857,0.0,7
14,4,3,3.2,9.164459681259244,0.0,7
14,4,4,2.8,5.520189158111581,0.0,7
14,4,5,3.0,4.346935965075504,0.0,7
14,4,6,2.8,6.0641219530279455,0.0,7
14,4,7,2.8,7.064143148411049,0.0,7
14,4,8,2.8,10.42607559042316,0.0,7
14,4,9,2.8,5.7626593969857085,0.0,7
14,4,10,3.0,5.656701968388071,0.0,7
14,4,11,2.8,7.3114156734320055,0.0,7
14,4,12,2.8,7.11553683949577,0.0,7
14,4,13,2.25,7.042635574741975,0.0,4
15,4,1,3.0,8.103022562166151,0.0,7
15,4,2,3.0,11.584408196918485,0.0,7
15,4,3,2.8,10.18206991006478,0.0,7
15,4,4,2.8,14.24997618689729,0.0,7
15,4,5,2.8,11.409402536208141,0.0,7
15,4,6,2.8,8.508857494468764,0.0,7
15,4,7,2.8,10.602891337944698,0.0,7
15,4,8,3.0,10.51788079977336,0.0,7
15,4,9,2.8,13.275310933641487,0.0,7
15,4,10,2.8,8.18447628799441,0.0,7
15,4,11,3.0,8.299223421029943,0.0,7
15,4,12,2.8,8.979365753656998,0.0,7
15,4,13,2.8,9.427912102155684,0.0,7
15,4,14,3.0,8.258797502940787,0.0,7
15,4,15,3.0,10.154827974072395,0.0,7
16,4,1,2.8,10.540336525408966,0.0,7
16,4,2,3.6,9.87646558525751,0.125,7
16,4,3,3.0,11.274559477595615,0.0,7
16,4,4,3.0,12.1478745261606,0.0,7
16,4,5,2.8,9.143566999127016,0.0,7
16,4,6,2.8,12.456531219746992,0.0,7
16,4,7,3.0,12.622774025410395,0.0,7
16,4,8,2.8,9.541625277811752,0.0,7
16,4,9,2.8,9.105107791406086,0.0,7
16,4,10,2.8,11.503287677448784,0.0,7
16,4,11,2.8,16.25775339150148,0.0,7
16,4,12,2.8,11.385892327907465,0.0,7
16,4,13,2.8,8.923847742909814,0.0,7
16,4,14,2.8,10.92274740271066,0.0,7
16,4,15,2.8,14.493198194899007,0.0,7
16,4,16,3.0,10.843783198494963,0.0,7
16,4,17,3.0,8.582077525865886,0.0,7
16,4,18,2.8,8.230762494256123,0.0,7
16,4,19,2.8,8.615748990473032,0.0,7
17,4,1,3.2,9.527857953252475,0.0,7
17,4,2,2.8,13.501943697735715,0.0,7
17,4,3,2.8,13.693047811046615,0.0,7
17,4,4,2.8,12.81151935880823,0.0,7
17,4,5,2.8,13.959959969598241,0.0,7
17,4,6,2.8,9.691293662967126,0.0,7
17,4,7,3.8,6.960762042379781,0.125,7
17,4,8,3.0,9.152710079985093,0.0,7
17,4,9,2.8,12.049463769762664,0.0,7
17,4,10,2.8,14.14521868751661,0.0,7
17,4,11,2.8,10.622804768487335,0.0,7
17,4,12,2.8,10.562390959881713,0.0,7
17,4,13,2.8,14.769988320200632,0.0,7
17,4,14,3.0,13.895252294253792,0.0,7
17,4,15,2.8,11.271918945929215,0.0,7
17,4,16,2.8,8.87661012749876,0.0,7
18,4,1,3.6,9.99213844838212,0.0,7
18,4,2,3.4,12.048246237991055,0.0,7
18,4,3,2.8,15.008589616918302,0.0,7
18,4,4,3.0,7.592631931520983,0.0,7
18,4,5,3.0,10.311009844947636,0.0,7
18,4,6,2.8,10.555856149531108,0.0,7
18,4,7,2.8,9.682965843314285,0.0,7
18,4,8,2.8,12.08839405354857,0.0,7
18,4,9,2.8,14.555372698218479,0.0,7
18,4,10,2.8,11.486601928271048,0.0,7
18,4,11,2.8,16.57538141173798,0.0,7
18,4,12,2.8,14.278900168285801,0.0,7
18,4,13,2.8,10.373484385552755,0.0,7
18,4,14,2.8,11.859934700617458,0.0,7
18,4,15,2.8,16.443637752284637,0.0,7
18,4,16,2.8,10.571545947555379,0.0,7
18,4,17,2.8,11.387660575276655,0.0,7
18,4,18,3.2,8.714611725075647,0.0,7
18,4,19,3.2,8.826931920603146,0.0,7
18,4,20,3.0,9.595930499669484,0.0,7
18,4,21,3.2,8.231006369495763,0.0,7
19,4,1,3.6,9.322703531799977,0.0,7
19,4,2,2.8,11.625814312441234,0.0,7
19,4,3,4.0,7.879798915426404,0.125,7
19,4,4,2.8,10.887252769565984,0.0,7
19,4,5,2.8,14.001368267111122,0.0,7
19,4,6,3.0,9.522326360211158,0.0,7
19,4,7,3.2,8.581075125779316,0.0,7
19,4,8,2.8,10.024283945288305,0.0,7
19,4,9,2.8,14.317928171512351,0.0,7
19,4,10,3.0,9.622126780046397,0.0,7
19,4,11,2.8,15.729573680899218,0.0,7
19,4,12,2.8,10.73106981819458,0.0,7
19,4,13,2.8,12.780512333873572,0.0,7
19,4,14,3.0,10.41056402205157,0.0,7
19,4,15,3.0,9.02166351267856,0.0,7
19,4,16,3.0,10.03618734017023,0.0,7
19,4,17,2.8,10.476328014398092,0.0,7
19,4,18,3.0,12.273418764916974,0.0,7
19,4,19,3.0,8.488910001143191,0.0,7
19,4,20,2.8,7.738214020151675,0.0,7
19,4,21,2.2,12.926841786696812,0.0,5
20,4,1,2.8,9.860466940387294,0.0,7
20,4,2,2.8,11.420198303485542,0.0,7
20,4,3,3.0,11.96845468061275,0.0,7
20,4,4,2.8,10.645332711498996,0.0,7
20,4,5,3.0,8.133061434754941,0.0,7
20,4,6,2.8,10.388531351098022,0.0,7
20,4,7,3.0,10.07580944477527,0.0,7
20,4,8,2.8,10.758327904657133,0.0,7
20,4,9,2.8,13.895100905166974,0.0,7
20,4,10,2.8,10.944660378532296,0.0,7
20,4,11,3.0,11.708673053786178,0.0,7
20,4,12,3.6,8.809149081990594,0.0,7
20,4,13,3.2,10.333797528269981,0.0,7
20,4,14,2.8,10.605796031122518,0.0,7
20,4,15,3.0,12.744353502590915,0.0,7
20,4,16,2.8,14.197755484112179,0.0,7
20,4,17,3.0,10.820970708085534,0.0,7
20,4,18,2.8,12.77853380212809,0.0,7
20,4,19,2.8,12.420068448984395,0.0,7
20,4,20,2.8,10.879333888895994,0.0,7
20,4,21,2.8,10.531676742438707,0.0,7
20,4,22,2.25,15.681794548172771,0.0,4
